,City,Cloudiness,Country,Date,Humidity,Lat,Lng,Max Temp,Wind Speed,Temp in Imperial
0,Bandarbeyla,0,SO,1556929475,82,9.49,50.81,298.752,3.04,78.08360000000006
1,Yumen,100,CN,1556929476,22,40.29,97.04,292.122,10.07,66.14960000000006
2,Waitati,95,NZ,1556929234,67,-45.75,170.57,286.48,2.24,55.99400000000007
3,Leningradskiy,14,RU,1556929476,82,69.38,178.42,272.322,3.79,30.509600000000045
4,Solnechnyy,96,RU,1556929476,39,50.72,136.64,288.022,4.07,58.769600000000025
5,Cockburn Town,51,TC,1556929476,80,21.46,-71.14,299.602,9.58,79.61359999999999
6,Norman Wells,20,CA,1556928000,53,65.28,-126.83,269.15,3.1,24.8
7,Albany,90,US,1556929265,87,42.65,-73.75,287.59,3.6,57.992
8,Khatanga,54,RU,1556929477,91,71.98,102.47,263.892,1.69,15.335600000000035
9,Torbay,90,CA,1556929406,89,47.66,-52.73,276.15,8.7,37.4
10,Cap-aux-Meules,40,CA,1556928000,78,47.38,-61.86,278.15,2.1,41.0
11,Jamestown,4,AU,1556929363,78,-33.21,138.6,287.062,2.58,57.04160000000006
12,Arkadelphia,20,US,1556929380,100,34.12,-93.05,295.15,1.51,71.6
13,Ribeira Grande,75,PT,1556928000,88,38.52,-28.7,290.15,3.1,62.6
14,Busselton,61,AU,1556929476,64,-33.64,115.35,290.37,11.88,62.99600000000005
15,Chicama,6,PE,1556929479,95,-7.84,-79.15,291.522,6.48,65.06960000000002
16,New Norfolk,75,AU,1556929456,81,-42.78,147.06,286.48,3.6,55.99400000000007
17,Rikitea,27,PF,1556929479,73,-23.12,-134.97,298.172,8.96,77.03960000000009
18,Yatsuo,20,JP,1556929197,71,36.58,137.14,292.04,0.5,66.00200000000008
19,Victoria,75,BN,1556926200,94,5.28,115.24,299.15,1.0,78.8
20,Cherskiy,95,RU,1556929480,100,68.75,161.3,273.632,0.79,32.86760000000005
21,Tuktoyaktuk,5,CA,1556928000,79,69.44,-133.03,269.15,7.7,24.8
22,Winnemucca,1,US,1556928920,15,40.97,-117.74,295.15,3.1,71.6
23,Hobart,75,AU,1556929155,81,-42.88,147.33,286.48,3.6,55.99400000000007
24,Ushuaia,0,AR,1556924400,64,-54.81,-68.31,276.15,5.7,37.4
25,Puerto Ayora,20,EC,1556928922,78,-0.74,-90.35,301.15,8.2,82.4
26,Fortuna,20,ES,1556929475,82,38.18,-1.13,288.15,2.6,59.0
27,Cape Town,0,ZA,1556929267,87,-33.93,18.42,287.59,2.1,57.992
28,Hasaki,40,JP,1556929413,68,35.73,140.83,294.26,6.2,69.99800000000002
29,Severo-Kurilsk,91,RU,1556929482,77,50.68,156.12,276.102,6.08,37.313599999999994
30,Marawi,9,PH,1556929090,64,8.0,124.29,302.04,0.89,84.00200000000008
31,Mataura,100,NZ,1556929207,61,-46.19,168.86,291.48,5.36,64.99400000000007
32,Port Alfred,26,ZA,1556929358,82,-33.59,26.89,289.26,1.34,60.998000000000026
33,Punta Arenas,0,CL,1556929390,86,-53.16,-70.91,274.15,3.1,33.8
34,Arraial do Cabo,75,BR,1556924400,83,-22.97,-42.02,299.15,5.1,78.8
35,Lebu,20,ET,1556928000,41,8.96,38.73,289.15,1.0,60.8
36,Lasa,20,CY,1556928000,93,34.92,32.53,289.15,3.1,60.8
37,Pochutla,40,MX,1556929039,70,15.74,-96.47,303.15,7.7,86.0
38,Bud,100,NO,1556929200,86,62.91,6.91,277.15,4.6,39.2
39,Vao,15,EE,1556929484,76,59.1,26.19,271.712,3.59,29.41160000000002
40,Zacatepec,79,MX,1556929485,45,20.06,-98.01,293.422,3.61,68.48960000000008
41,Rawson,45,AR,1556929485,51,-43.3,-65.11,281.022,4.1,46.169600000000024
42,Hithadhoo,100,MV,1556929485,77,-0.6,73.08,302.282,3.67,84.4376
43,Megion,90,RU,1556926200,86,61.04,76.11,278.15,4.0,41.0
44,Bethel,75,US,1556927580,65,60.79,-161.76,280.15,8.2,44.6
45,Longyearbyen,20,NO,1556927400,66,78.22,15.63,264.15,10.8,15.8
46,Bambous Virieux,75,MU,1556929440,83,-20.34,57.76,296.48,6.7,73.99400000000007
47,Bredasdorp,63,ZA,1556928000,81,-34.53,20.04,284.15,2.6,51.8
48,Lagoa,0,PT,1556929303,93,37.14,-8.45,291.48,3.1,64.99400000000007
49,Butaritari,100,KI,1556929487,77,3.07,172.79,301.622,6.06,83.24960000000007
50,Saint-Philippe,90,CA,1556929479,100,45.36,-73.48,283.15,2.1,50.0
51,Lisakovsk,48,KZ,1556929488,37,52.55,62.49,282.092,7.01,48.09560000000001
52,Qaqortoq,100,GL,1556929488,48,60.72,-46.03,281.482,2.99,46.99760000000009
53,Upernavik,0,GL,1556929488,90,72.79,-56.15,271.262,6.02,28.60160000000004
54,Salalah,40,OM,1556927400,83,17.01,54.1,301.15,1.0,82.4
55,Carnarvon,0,ZA,1556929489,49,-30.97,22.13,285.882,3.31,54.91760000000005
56,Staryy Nadym,99,RU,1556929269,100,65.61,72.68,274.622,3.02,34.64960000000006
57,Adiake,20,CI,1556926200,83,5.29,-3.3,302.15,3.6,84.2
58,Arman,69,RU,1556929489,58,59.7,150.17,278.462,2.2,41.56160000000002
59,Atuona,0,PF,1556929489,77,-9.8,-139.03,302.032,7.38,83.98760000000001
60,Iracoubo,70,GF,1556929489,84,5.48,-53.21,299.202,3.3,78.89360000000003
61,Constitucion,75,MX,1556929216,10,23.99,-104.67,299.15,9.3,78.8
62,Tessalit,0,ML,1556929490,13,20.2,1.01,305.092,4.13,89.49560000000001
63,Komsomolskiy,89,RU,1556929451,89,67.55,63.78,272.322,6.75,30.509600000000045
64,Ugoofaaru,89,MV,1556929347,74,5.67,73.0,302.222,4.27,84.3296
65,Bubaque,0,GW,1556929490,69,11.28,-15.83,298.822,9.29,78.20960000000005
66,Kapaa,40,US,1556929418,69,22.08,-159.32,301.48,7.7,82.99400000000007
67,Pacific Grove,1,US,1556929457,59,36.62,-121.92,299.15,4.6,78.8
68,Bathsheba,40,BB,1556924400,74,13.22,-59.52,300.15,8.7,80.6
69,Port Lincoln,99,AU,1556929491,63,-34.72,135.86,288.172,3.07,59.039600000000085
70,Kyzyl-Mazhalyk,0,RU,1556929491,44,51.15,90.58,272.482,0.76,30.79760000000009
71,Barrow,33,AR,1556929492,69,-38.31,-60.23,283.852,2.66,51.2636
72,Gigmoto,12,PH,1556929492,73,13.78,124.39,301.662,2.74,83.3216
73,Moroni,20,US,1556929468,30,39.52,-111.59,291.48,0.45,64.99400000000007
74,Namibe,22,AO,1556929492,79,-15.19,12.15,295.552,2.39,72.32360000000008
75,Yanam,100,IN,1556929492,76,16.73,82.22,301.232,0.34,82.54760000000009
76,Vaitape,84,PF,1556929320,72,-16.52,-151.75,301.002,6.38,82.13360000000006
77,Koumac,0,NC,1556929493,59,-20.56,164.28,298.802,4.42,78.17360000000008
78,Thompson,90,CA,1556928000,79,55.74,-97.86,273.15,3.1,32.0
79,Sitka,39,US,1556928964,80,37.17,-99.65,289.26,2.24,60.998000000000026
80,Castro,90,CL,1556924400,100,-42.48,-73.76,285.15,2.6,53.6
81,Nanortalik,86,GL,1556929494,63,60.14,-45.24,278.102,1.56,40.913599999999995
82,Caravelas,42,BR,1556929494,85,-17.73,-39.27,298.812,2.28,78.19160000000007
83,Lom Sak,0,TH,1556924400,83,16.78,101.24,300.15,0.83,80.6
84,Mecca,0,SA,1556929237,30,21.43,39.83,304.692,1.67,88.77560000000005
85,Altayskoye,0,RU,1556929495,57,51.95,85.34,275.612,0.89,36.43160000000008
86,Borba,0,PT,1556929495,48,38.81,-7.46,287.102,2.99,57.1136
87,Dudinka,0,RU,1556926200,71,69.41,86.18,260.15,2.0,8.600000000000001
88,Sao Gabriel da Cachoeira,99,BR,1556929495,82,-0.13,-67.09,299.282,1.07,79.03760000000001
89,Qaanaaq,99,GL,1556929495,87,77.48,-69.36,269.052,1.44,24.623600000000078
90,Marti,40,CU,1556927460,88,21.15,-77.45,299.15,4.6,78.8
91,Severnoye,100,RU,1556929496,88,54.09,52.54,285.082,8.16,53.47760000000003
92,Procida,75,IT,1556929471,87,40.76,14.01,289.15,2.04,60.8
93,Praia da Vitoria,40,PT,1556928928,88,38.73,-27.07,290.15,3.73,62.6
94,Padang,100,ID,1556929497,81,-0.92,100.36,301.332,2.54,82.72760000000002
95,Saldanha,16,PT,1556929497,62,41.42,-6.55,284.192,3.16,51.875600000000055
96,Vaini,100,IN,1556929497,84,15.34,74.49,295.752,1.76,72.68360000000006
97,Dongsheng,98,CN,1556929497,47,29.72,112.52,296.002,0.84,73.13360000000006
98,Cabo San Lucas,75,MX,1556929227,41,22.89,-109.91,302.04,2.1,84.00200000000008
99,Shubarshi,100,KZ,1556929498,33,48.59,57.19,285.422,11.39,54.08960000000009
100,Kirakira,43,SB,1556929498,71,-10.46,161.92,302.422,2.87,84.68960000000008
101,Tuatapere,99,NZ,1556929207,61,-46.13,167.69,291.48,5.36,64.99400000000007
102,Northam,0,GB,1556929382,93,51.04,-4.21,280.93,2.6,46.004000000000055
103,Kojnare,75,BG,1556928001,87,43.35,24.13,287.15,2.1,57.2
104,Turinsk,100,RU,1556929499,80,58.04,63.7,280.382,3.76,45.01760000000005
105,Nyrob,73,RU,1556929499,92,60.74,56.73,283.172,4.38,50.039600000000085
106,Dikson,11,RU,1556929499,93,73.51,80.55,259.242,2.58,6.965600000000073
107,Nikolskoye,75,RU,1556929355,64,59.7,30.79,275.93,4.0,37.004000000000055
108,Praia,40,BR,1556924400,73,-20.25,-43.81,297.15,2.1,75.2
109,Gat,75,SN,1556928000,88,14.69,-16.54,292.15,5.7,66.2
110,Tiksi,13,RU,1556929500,81,71.64,128.87,262.512,8.59,12.85160000000004
111,Ostrovnoy,100,RU,1556929500,97,68.05,39.51,271.422,6.15,28.889600000000087
112,Aleksandrov Gay,74,RU,1556929500,83,50.14,48.57,283.752,4.21,51.08360000000006
113,Dali,79,CN,1556929501,85,25.6,100.24,288.032,1.47,58.78760000000001
114,Avarua,100,CK,1556928000,78,-21.21,-159.78,300.15,8.7,80.6
115,Nome,75,US,1556929493,78,30.04,-94.42,298.15,2.1,77.0
116,Forbes,0,AU,1556929501,52,-33.38,148.01,288.352,3.88,59.3636
117,Beipiao,67,CN,1556929502,23,41.8,120.76,294.282,5.63,70.03760000000001
118,Maryborough,100,AU,1556929402,91,-25.54,152.7,294.662,2.43,70.7216
119,Coquimbo,90,CL,1556929018,87,-29.95,-71.34,293.71,1.5,69.00800000000001
120,San Patricio,20,PY,1556929502,90,-26.98,-56.83,296.862,1.59,74.68160000000009
121,Port Blair,100,IN,1556929297,75,11.67,92.75,302.932,5.0,85.60760000000008
122,Araceli,30,PH,1556929503,65,10.55,119.99,302.882,0.34,85.51760000000004
123,Hermanus,64,ZA,1556929004,72,-34.42,19.24,287.04,0.89,57.00200000000008
124,Rosarito,40,CO,1556928000,69,4.91,-75.23,298.15,1.0,77.0
125,Bluff,100,AU,1556929503,76,-23.58,149.07,294.842,2.4,71.04560000000001
126,Christchurch,41,NZ,1556929209,77,-43.53,172.64,293.71,5.1,69.00800000000001
127,Shenjiamen,100,CN,1556929504,64,29.96,122.3,290.652,0.88,63.50360000000002
128,Trincomalee,100,LK,1556929504,75,8.58,81.23,300.392,3.98,81.03560000000003
129,Birao,76,CF,1556929504,31,10.3,22.78,303.992,0.77,87.51560000000008
130,Pevek,0,RU,1556929504,80,69.7,170.27,272.082,0.57,30.07760000000003
131,Fort Nelson,90,CA,1556928120,68,58.81,-122.69,271.15,1.5,28.4
132,Lavrentiya,100,RU,1556929505,95,65.58,-170.99,270.992,2.27,28.115600000000075
133,Ngaoundere,100,CM,1556929505,76,7.32,13.58,295.682,2.0,72.55760000000006
134,Talnakh,0,RU,1556926200,71,69.49,88.39,260.15,2.0,8.600000000000001
135,Tasiilaq,62,GL,1556929505,86,65.61,-37.64,267.662,1.43,22.1216
136,Port Elizabeth,1,US,1556929505,82,39.31,-74.98,292.15,4.1,66.2
137,Itarema,52,BR,1556929506,85,-2.92,-39.92,299.062,3.26,78.64160000000007
138,Roald,100,NO,1556929503,86,62.58,6.12,277.15,4.6,39.2
139,Portland,75,US,1556929472,45,45.52,-122.67,294.26,4.1,69.99800000000002
140,Conceicao do Araguaia,43,BR,1556929462,81,-8.26,-49.26,298.532,0.82,77.6876
141,Beaupre,90,CA,1556929504,100,47.04,-70.9,281.15,1.5,46.4
142,Saquena,71,PE,1556929507,89,-4.67,-73.52,297.992,0.66,76.71560000000008
143,Raudeberg,47,NO,1556929503,72,61.99,5.14,275.15,3.1,35.6
144,Omboue,100,GA,1556929382,85,-1.57,9.26,300.922,4.21,81.98960000000008
145,Haimen,100,CN,1556929363,48,31.87,121.18,294.82,2.97,71.00600000000003
146,Snina,71,SK,1556925599,99,48.99,22.16,278.71,1.34,42.008
147,Greystones,20,IE,1556929370,69,53.14,-6.06,277.59,4.6,39.992
148,Egvekinot,100,RU,1556929508,82,66.32,-179.17,270.682,6.19,27.557600000000072
149,Minuri,37,PH,1556929508,79,16.54,121.86,299.242,0.57,78.96560000000008
150,Narsaq,100,GL,1556929509,48,60.91,-46.05,281.482,2.99,46.99760000000009
151,Coihaique,0,CL,1556924400,86,-45.58,-72.07,277.15,1.26,39.2
152,Faya,40,SA,1556928000,35,18.39,42.45,294.15,2.1,69.8
153,Lodwar,72,KE,1556929509,44,3.12,35.6,304.142,5.28,87.78560000000003
154,Cidreira,97,BR,1556929510,90,-30.17,-50.22,295.902,2.21,72.95360000000002
155,Vanimo,100,PG,1556929510,80,-2.67,141.3,300.622,4.0,81.44960000000006
156,Deputatskiy,5,RU,1556929510,89,69.3,139.9,269.882,2.83,26.11760000000005
157,Sakaiminato,75,JP,1556929396,72,35.55,133.23,289.82,2.6,62.00600000000003
158,Kalaleh,0,IR,1556928000,72,37.38,55.49,292.15,3.1,66.2
159,Kaitangata,100,NZ,1556929511,68,-46.28,169.85,288.182,2.59,59.05760000000007
160,Iqaluit,20,CA,1556929365,85,63.75,-68.52,266.15,7.2,19.4
161,San Cristobal,75,EC,1556928910,71,-0.39,-78.55,293.15,6.2,68.0
162,Guanica,75,PR,1556929256,83,17.97,-66.91,299.82,7.7,80.00600000000003
163,Mahebourg,75,MU,1556929440,83,-20.41,57.7,296.48,6.7,73.99400000000007
164,Flinders,25,AU,1556929507,55,-34.58,150.85,292.04,6.7,66.00200000000008
165,Georgetown,40,GY,1556924400,88,6.8,-58.16,299.15,4.1,78.8
166,Cabedelo,20,BR,1556924400,88,-6.97,-34.84,298.15,2.1,77.0
167,Provideniya,100,RU,1556929513,97,64.42,-173.23,272.592,1.02,30.995600000000014
168,Biak,100,ID,1556929237,96,-0.91,122.88,293.722,0.05,69.0296
169,Nambucca Heads,100,AU,1556929505,88,-30.64,152.99,293.15,2.1,68.0
170,Mizdah,97,LY,1556929514,31,31.45,12.98,298.092,11.43,76.89560000000002
171,Airai,78,TL,1556929514,67,-8.93,125.41,300.522,1.4,81.26960000000003
172,Laguna,75,MX,1556927220,11,27.52,-110.01,305.15,5.1,89.6
173,Matara,15,PE,1556929514,80,-13.74,-72.9,277.132,2.19,39.16760000000005
174,Akcakoca,13,TR,1556929515,65,41.09,31.12,283.712,2.72,51.01160000000002
175,Sambava,14,MG,1556929515,99,-14.27,50.17,292.842,1.65,67.44560000000001
176,Batemans Bay,0,AU,1556929474,49,-35.71,150.18,294.82,0.45,71.00600000000003
177,Redlands,5,US,1556929507,28,34.06,-117.19,301.15,3.6,82.4
178,Monywa,67,MM,1556929516,45,22.12,95.13,305.552,2.83,90.32360000000008
179,Beloha,0,MG,1556929516,63,-25.17,45.06,295.182,2.26,71.65760000000007
180,Manzil Salim,75,TN,1556928000,93,35.86,8.48,286.15,3.59,55.4
181,Leesburg,1,US,1556929361,83,39.12,-77.56,297.15,3.6,75.2
182,Guerrero Negro,17,MX,1556929517,83,27.97,-114.04,289.782,5.65,61.93760000000001
183,Yellowknife,20,CA,1556929368,54,62.45,-114.38,273.15,3.6,32.0
184,Young,11,UY,1556929494,84,-32.7,-57.63,293.71,2.86,69.00800000000001
185,Mednogorsk,100,RU,1556929517,42,51.41,57.59,282.302,4.09,48.473600000000076
186,Tilichiki,31,RU,1556929517,57,60.47,166.1,276.982,4.98,38.89760000000009
187,Yatou,100,CM,1556929518,79,3.63,9.81,302.212,4.19,84.31160000000003
188,Tazovskiy,69,RU,1556929498,95,67.47,78.7,264.482,3.22,16.39760000000009
189,Pangnirtung,89,CA,1556929518,76,66.15,-65.72,270.672,1.51,27.539600000000085
190,Los Llanos de Aridane,90,ES,1556928986,68,28.66,-17.92,291.15,4.6,64.4
191,Belaya Gora,100,RU,1556929518,97,68.54,146.19,272.992,0.89,31.715600000000073
192,Naze,75,NG,1556928000,94,5.43,7.07,297.15,1.5,75.2
193,Wad Rawah,0,SD,1556929519,4,15.16,33.13,309.142,6.13,96.78560000000003
194,Valparaiso,90,US,1556929257,87,41.47,-87.06,283.15,3.6,50.0
195,Camopi,100,GF,1556929519,99,3.17,-52.33,296.242,1.08,73.56560000000007
196,Diego de Almagro,0,CL,1556929519,80,-26.39,-70.05,288.822,0.75,60.209600000000044
197,East London,99,ZA,1556929432,72,-33.02,27.91,288.412,4.43,59.4716
198,Coruripe,0,BR,1556929520,91,-10.12,-36.18,295.242,2.26,71.76560000000008
199,Aklavik,20,CA,1556928000,50,68.22,-135.01,272.15,4.6,30.2
200,Ponta do Sol,100,BR,1556929520,93,-20.63,-46.0,292.532,1.09,66.8876
201,Apt,0,FR,1556929216,58,43.88,5.4,287.59,7.2,57.992
202,Fereydun Kenar,46,IR,1556929521,62,36.69,52.52,295.282,4.75,71.83760000000001
203,Geraldton,75,CA,1556928000,49,49.72,-86.95,281.15,2.1,46.4
204,Edd,9,ER,1556929521,17,13.93,41.69,307.552,4.05,93.92360000000008
205,San Blas,75,MX,1556927400,53,21.54,-105.29,298.15,4.6,77.0
206,Peyima,100,SL,1556929522,99,8.69,-11.04,296.682,0.87,74.35760000000008
207,Aksarka,100,RU,1556929522,100,66.56,67.8,274.302,3.15,34.07360000000008
208,North Bend,1,US,1556929226,71,43.41,-124.22,287.59,12.3,57.992
209,Sao Filipe,4,CV,1556929522,79,14.9,-24.5,295.542,6.98,72.3056
210,Impfondo,47,CD,1556929522,78,1.62,18.06,298.032,0.99,76.78760000000001
211,Bilibino,19,RU,1556929523,85,68.06,166.44,270.422,1.08,27.089600000000086
212,Joigny,0,FR,1556929500,93,47.98,3.4,282.04,1.5,48.00200000000008
213,Honiara,40,SB,1556924400,83,-9.43,159.96,302.15,3.1,84.2
214,Villanueva de Cordoba,0,ES,1556928000,87,38.32,-4.63,289.15,3.1,60.8
215,Marsaxlokk,75,MT,1556929248,87,35.84,14.54,288.15,9.8,59.0
216,Bontang,7,ID,1556929524,79,0.12,117.47,300.362,0.72,80.98160000000009
217,Alofi,90,NU,1556928000,83,-19.06,-169.92,299.15,5.7,78.8
218,Yerbogachen,81,RU,1556929524,87,61.28,108.01,275.572,5.41,36.35960000000004
219,Ancud,90,CL,1556924400,100,-41.87,-73.83,285.15,2.6,53.6
220,General Roca,0,AR,1556924400,62,-39.03,-67.58,288.15,3.1,59.0
221,Yinchuan,0,CN,1556929525,49,38.48,106.21,290.422,0.18,63.08960000000009
222,Ballangen,99,NO,1556929292,92,68.34,16.83,274.26,6.7,33.998000000000026
223,Bowen,6,AU,1556929424,78,-20.01,148.25,300.37,3.1,80.99600000000005
224,Aswan,0,EG,1556929333,19,24.09,32.9,299.712,7.55,79.81160000000003
225,Namatanai,98,PG,1556929525,89,-3.66,152.44,298.482,5.21,77.59760000000009
226,Brae,81,GB,1556927400,75,60.4,-1.35,278.15,11.8,41.0
227,Souillac,0,FR,1556929449,87,45.6,-0.6,282.59,1.5,48.992
228,Cap Malheureux,75,MU,1556929440,83,-19.98,57.61,296.48,6.7,73.99400000000007
229,Ixtapa,75,MX,1556929505,74,20.71,-105.21,299.26,5.1,78.99800000000002
230,Svetlogorsk,85,RU,1556926200,36,53.14,59.15,282.15,7.0,48.2
231,Yaan,100,NG,1556929527,87,7.38,8.57,299.432,4.56,79.30760000000006
232,Copacabana,90,CO,1556929152,54,6.35,-75.51,299.15,6.2,78.8
233,Kawalu,32,ID,1556929527,92,-7.38,108.21,295.482,1.18,72.1976000000001
234,Usinsk,95,RU,1556929528,98,66.0,57.56,276.632,7.02,38.26760000000005
235,Lata,0,IN,1556929528,56,30.78,78.62,266.442,5.33,19.925600000000053
236,Wyndham,27,GB,1556929518,87,51.61,-3.54,282.59,3.1,48.992
237,Sabha,100,LY,1556929528,13,27.03,14.43,304.872,11.48,89.09960000000007
238,Ketchikan,90,US,1556927760,93,55.34,-131.65,284.15,4.1,51.8
239,Inhambane,0,MZ,1556929529,95,-23.87,35.38,290.972,2.36,64.0796
240,Martapura,8,ID,1556926200,100,-3.41,114.85,299.15,1.0,78.8
241,Hofn,0,IS,1556929529,53,64.25,-15.21,268.122,3.35,22.949600000000068
242,Tautira,75,PF,1556929386,65,-17.73,-149.15,301.15,3.6,82.4
243,Chiltepec,90,MX,1556929530,81,18.48,-96.9,292.552,2.66,66.92360000000008
244,Labuhan,6,ID,1556929530,74,-2.54,115.51,300.662,0.34,81.5216
245,Tabou,100,CI,1556929530,95,4.42,-7.36,297.732,1.27,76.24760000000009
246,Hilo,90,US,1556929528,65,19.71,-155.08,299.26,6.2,78.99800000000002
247,Arlit,13,NE,1556929531,7,18.74,7.39,302.602,2.2,85.0136
248,Sorland,100,NO,1556929531,70,67.67,12.69,276.272,9.1,37.61960000000003
249,Tayu,0,JP,1556929445,63,35.06,136.67,300.93,2.1,82.00400000000005
250,Chuy,14,UY,1556929531,81,-33.69,-53.46,292.312,2.45,66.49160000000006
251,Nantucket,90,US,1556929514,100,41.28,-70.1,284.26,6.2,51.998000000000026
252,Warsaw,0,PL,1556929509,74,52.23,21.01,279.82,2.1,44.00600000000003
253,Derzhavinsk,1,KZ,1556929532,45,51.1,66.31,279.512,4.95,43.45160000000004
254,Touros,0,BR,1556924400,88,-5.2,-35.46,298.15,1.5,77.0
255,Nanyamba,68,MZ,1556929533,98,-10.69,39.81,293.482,2.43,68.59760000000009
256,Colares,0,PT,1556929517,77,38.8,-9.45,288.15,4.6,59.0
257,Belyy Yar,0,RU,1556926200,68,53.6,91.39,270.15,1.08,26.6
258,Vestmannaeyjar,33,IS,1556929533,65,63.44,-20.27,278.122,3.06,40.94960000000007
259,Mar del Plata,100,AR,1556929386,54,-46.43,-67.52,278.382,6.02,41.41760000000005
260,Fayaoue,2,NC,1556929534,70,-20.65,166.53,298.032,9.72,76.78760000000001
261,Abha,40,SA,1556928000,35,18.22,42.5,294.15,2.1,69.8
262,West Des Moines,1,US,1556929304,54,41.56,-93.76,289.26,2.6,60.998000000000026
263,Bagotville,40,AU,1556929522,83,-28.98,153.42,296.15,2.1,73.4
264,Russell,0,AR,1556928000,68,-33.01,-68.8,292.15,1.5,66.2
265,Bilma,1,NE,1556929535,9,18.69,12.92,301.002,1.53,82.13360000000006
266,Balakhta,0,RU,1556929535,47,55.38,91.62,277.022,1.34,38.96960000000003
267,Kadyy,27,RU,1556929263,87,57.79,43.19,279.532,3.11,43.48760000000001
268,Katsuura,20,JP,1556928000,63,33.93,134.5,294.15,5.1,69.8
269,Rocha,11,UY,1556929536,94,-34.48,-54.34,287.102,1.53,57.1136
270,Fasa,0,IR,1556928000,35,28.94,53.65,286.15,1.18,55.4
271,Sunrise Manor,20,US,1556929499,8,36.21,-115.07,304.15,1.0,87.8
272,Puerto El Triunfo,20,SV,1556927400,79,13.27,-88.55,303.15,3.1,86.0
273,Dzialdowo,0,PL,1556928000,93,53.24,20.17,276.15,2.1,37.4
274,Vardo,90,US,1556929279,88,39.62,-77.74,294.82,4.1,71.00600000000003
275,Suez,13,EG,1556929537,57,29.97,32.54,290.802,4.19,63.77360000000008
276,Kloulklubed,75,PW,1556927400,74,7.04,134.26,302.15,3.6,84.2
277,Jiazi,75,CN,1556924400,100,19.61,110.49,298.15,3.0,77.0
278,Arona,75,IT,1556929493,100,45.76,8.56,285.93,1.5,55.004000000000055
279,Ciudad Bolivar,79,VE,1556929537,45,8.12,-63.55,305.002,4.06,89.33360000000006
280,Calabozo,98,VE,1556929537,36,8.92,-67.43,307.162,3.49,93.2216
281,Bonthe,94,SL,1556929538,84,7.53,-12.5,300.922,3.72,81.98960000000008
282,Veraval,33,FR,1556929448,93,49.65,0.71,283.15,2.6,50.0
283,Nouadhibou,0,MR,1556928000,82,20.93,-17.03,291.15,6.7,64.4
284,Posse,100,BR,1556929538,85,-14.08,-46.36,295.922,1.57,72.98960000000008
285,Ilulissat,55,GL,1556927400,39,69.22,-51.1,282.15,9.8,48.2
286,Bull Savanna,87,JM,1556929539,75,17.89,-77.59,301.572,6.58,83.15960000000004
287,Mbanza-Ngungu,100,CD,1556929539,95,-5.25,14.87,296.152,0.65,73.40360000000001
288,Faanui,84,PF,1556929539,72,-16.48,-151.75,301.002,6.38,82.13360000000006
289,Mocuba,0,MZ,1556929539,98,-16.84,36.99,291.172,1.29,64.43960000000008
290,Pisco,1,PE,1556929039,30,-13.71,-76.2,295.15,3.6,71.6
291,Coahuayana,24,MX,1556929540,10,18.62,-100.35,312.042,2.59,102.00559999999999
292,Meadow Lake,75,CA,1556928000,55,54.13,-108.44,276.15,10.8,37.4
293,Viedma,58,AR,1556929540,60,-40.81,-62.99,282.482,1.74,48.79760000000009
294,Mattru,100,SL,1556929540,92,7.62,-11.83,299.062,1.27,78.64160000000007
295,Grindavik,75,IS,1556928277,86,63.84,-22.43,278.71,1.5,42.008
296,Hannibal,90,US,1556929289,87,39.71,-91.36,286.15,1.5,55.4
297,Imbituba,0,BR,1556928000,88,-28.24,-48.67,298.15,4.1,77.0
298,Tigre,0,AR,1556929500,63,-34.42,-58.58,294.82,1.94,71.00600000000003
299,Jutai,46,BR,1556929541,99,-1.71,-47.89,296.912,1.19,74.7716
300,Oranjemund,0,ZA,1556929542,81,-28.55,16.43,288.282,11.44,59.23760000000001
301,Dwarka,40,IN,1556927107,57,28.58,77.04,305.93,2.1,91.00400000000005
302,Mitu,100,IR,1556929542,53,36.2,46.09,284.582,2.25,52.57760000000003
303,Peace River,90,CA,1556928000,22,56.23,-117.29,275.15,3.6,35.6
304,Road Town,1,VG,1556929414,65,18.42,-64.62,299.26,5.1,78.99800000000002
305,Sur,0,OM,1556929543,28,22.57,59.53,301.862,3.21,83.68160000000009
306,Magistralnyy,66,RU,1556929543,44,56.17,107.45,274.172,3.56,33.83960000000009
307,Belyy,8,RU,1556929543,79,55.83,32.94,273.732,1.31,33.04760000000009
308,Susehri,95,TR,1556929543,97,40.16,38.09,275.002,1.38,35.33360000000006
309,Taoudenni,32,ML,1556929544,11,22.68,-3.98,302.992,4.32,85.71560000000008
310,Artesia,1,US,1556929521,14,32.84,-104.4,303.15,2.6,86.0
311,Kavieng,100,PG,1556929544,83,-2.57,150.8,300.722,7.96,81.62960000000001
312,Luderitz,0,NA,1556924400,87,-26.65,15.16,288.15,4.6,59.0
313,Ellisras,0,ZA,1556929545,38,-23.67,27.74,287.922,1.89,58.58960000000009
314,Auki,100,NG,1556929545,54,12.18,6.51,303.402,3.36,86.45360000000002
315,Geretsried,55,DE,1556929496,100,47.86,11.48,281.15,2.1,46.4
316,Bouillon,67,FR,1556929505,93,49.8,5.07,280.93,5.1,46.004000000000055
317,Hambantota,100,LK,1556929358,79,6.12,81.12,302.222,8.3,84.3296
318,Saskylakh,12,RU,1556929546,93,71.97,114.09,260.132,2.66,8.567600000000049
319,Lixourion,90,GR,1556929036,82,38.2,20.43,287.59,5.1,57.992
320,Half Moon Bay,1,US,1556929297,82,37.46,-122.43,298.15,5.7,77.0
321,College,90,US,1556929222,56,64.86,-147.8,279.26,3.6,42.998000000000026
322,Whitefish,20,US,1556929522,27,48.41,-114.33,290.37,6.2,62.99600000000005
323,Hualmay,4,PE,1556929547,92,-11.1,-77.61,291.482,6.27,64.99760000000009
324,Westport,45,IE,1556929324,78,53.8,-9.52,278.71,0.45,42.008
325,Grand-Lahou,100,CI,1556929547,90,5.24,-5.0,298.262,1.38,77.20160000000004
326,Zanesville,90,US,1556929388,93,39.94,-82.01,293.15,2.57,68.0
327,Kruisfontein,55,ZA,1556929548,86,-34.0,24.73,285.592,3.74,54.395600000000016
328,Synya,94,RU,1556929548,95,65.37,58.04,278.232,4.76,41.14760000000009
329,Simplicio Mendes,23,BR,1556929510,73,-7.85,-41.91,297.592,1.5,75.99560000000001
330,Farafangana,1,MG,1556929548,96,-22.82,47.83,292.272,1.05,66.41960000000003
331,Aloleng,6,PH,1556929548,69,16.13,119.78,302.022,2.29,83.96960000000003
332,Oktyabrskiy,0,RU,1556928307,76,55.61,37.97,283.15,3.0,50.0
333,Gravdal,7,NO,1556929529,56,59.79,5.78,278.15,10.3,41.0
334,Haines Junction,62,CA,1556929549,49,60.75,-137.51,279.572,1.65,43.559600000000046
335,Sinjai,100,ID,1556929549,76,-5.12,120.25,299.172,0.35,78.83960000000009
336,Coelho Neto,37,BR,1556929549,82,-4.25,-43.02,298.242,1.14,77.16560000000007
337,Hanna,100,CA,1556929444,59,51.64,-111.93,277.04,5.81,39.00200000000008
338,Gazli,5,UZ,1556929550,25,40.13,63.45,289.982,7.4,62.29760000000009
339,Lao Cai,91,VN,1556929550,84,22.48,103.95,292.702,1.33,67.19360000000003
340,Aykhal,0,RU,1556924400,73,65.95,111.51,270.15,4.0,26.6
341,Victor Harbor,75,AU,1556929517,72,-35.55,138.62,289.82,4.1,62.00600000000003
342,Puquio,26,PE,1556929551,86,-14.69,-74.12,280.772,1.62,45.71960000000003
343,Ahipara,0,NZ,1556929528,85,-35.17,173.16,295.93,3.71,73.00400000000005
344,Wukari,100,NG,1556929551,87,7.87,9.78,299.842,4.36,80.04560000000001
345,Toktogul,0,KG,1556929552,49,41.87,72.95,273.212,4.46,32.111600000000024
346,Palimbang,75,PH,1556929116,74,14.9,120.78,304.26,1.0,87.99800000000002
347,Kizema,1,RU,1556929552,81,61.11,44.83,275.292,2.95,35.855599999999995
348,Paracatu,100,BR,1556929552,92,-17.22,-46.87,295.412,1.34,72.0716
349,Hami,38,CN,1556929552,16,42.84,93.51,294.052,5.98,69.62360000000008
350,Walvis Bay,0,NA,1556928128,87,-22.95,14.51,286.15,1.0,55.4
351,Kaili,79,ID,1556929553,93,-3.46,120.21,291.752,0.41,65.48360000000005
352,Ipixuna,40,BR,1556928000,88,-1.76,-48.8,299.15,3.1,78.8
353,Mgandu,66,TZ,1556929553,92,-5.96,34.11,289.582,3.46,61.57760000000003
354,Lomianki,0,PL,1556929509,74,52.33,20.89,279.82,2.1,44.00600000000003
355,Klaksvik,77,FO,1556929200,69,62.23,-6.59,275.15,9.8,35.6
356,Emerald,75,AU,1556929131,100,-23.53,148.16,294.15,2.6,69.8
357,Lorengau,100,PG,1556929554,92,-2.02,147.27,298.682,4.79,77.95760000000007
358,Sisimiut,7,GL,1556929358,71,66.94,-53.67,276.982,5.86,38.89760000000009
359,Manokwari,100,ID,1556929275,87,-0.87,134.08,296.592,0.99,74.19560000000001
360,Dingle,60,PH,1556929555,62,11.0,122.67,302.772,1.75,85.31960000000002
361,Chenzhou,0,CN,1556929555,69,25.81,113.03,296.302,1.08,73.67360000000008
362,Buritis,100,BR,1556929555,87,-15.62,-46.42,295.432,1.72,72.10760000000008
363,Clyde River,90,CA,1556928000,100,70.47,-68.59,268.15,5.1,23.0
364,El Tigre,98,VE,1556929556,59,8.89,-64.25,301.692,6.44,83.37560000000005
365,Itaqui,33,BR,1556929556,87,-29.13,-56.55,297.172,1.78,75.23960000000008
366,Yulara,0,AU,1556924400,38,-25.24,130.99,288.15,5.1,59.0
367,Pangody,100,RU,1556929557,98,65.85,74.49,274.312,3.47,34.091600000000064
368,Yarada,75,IN,1556924400,83,17.65,83.27,302.15,3.6,84.2
369,Barcelos,0,PT,1556929477,67,41.53,-8.62,289.82,6.93,62.00600000000003
370,Saint George,75,GR,1556927400,76,39.45,22.34,285.15,1.85,53.6
371,Montepuez,57,MZ,1556929557,98,-13.13,39.0,292.692,1.71,67.17560000000006
372,Vostok,1,RU,1556929558,35,46.45,135.83,290.162,3.06,62.6216
373,Muyezerskiy,100,RU,1556929558,94,63.93,31.65,271.172,3.3,28.439600000000087
374,Kavaratti,96,IN,1556929458,61,10.57,72.64,302.712,4.18,85.21160000000002
375,Vila Velha,0,BR,1556929091,83,-3.71,-38.6,300.15,2.6,80.6
376,Lere,88,TD,1556929558,33,9.66,14.23,306.822,1.88,92.60960000000004
377,Basoko,68,CD,1556929559,71,1.23,23.61,298.032,0.81,76.78760000000001
378,Strelka,38,RU,1556929559,64,58.08,93.03,276.772,2.37,38.519600000000025
379,Lufilufi,75,WS,1556929386,74,-13.87,-171.6,302.15,1.5,84.2
380,Inta,90,RU,1556929559,88,66.04,60.13,277.002,4.26,38.933600000000055
381,Palamos,40,ES,1556929545,93,41.85,3.13,287.59,2.51,57.992
382,Kholmogory,75,RU,1556926200,69,64.23,41.65,274.15,5.0,33.8
383,Barentu,69,ER,1556929560,16,15.11,37.59,305.942,2.91,91.02560000000005
384,Sovetskiy,84,RU,1556929560,90,56.76,48.47,280.932,2.56,46.00760000000007
385,Digha,100,IN,1556929561,76,21.62,87.51,301.652,12.56,83.30360000000002
386,Esperance,20,TT,1556929507,88,10.24,-61.45,299.82,3.6,80.00600000000003
387,Byron Bay,40,AU,1556929522,78,-28.65,153.62,296.48,2.6,73.99400000000007
388,Dryden,90,CA,1556928000,40,49.79,-92.84,284.15,3.1,51.8
389,Rio do Sul,48,BR,1556928986,96,-27.22,-49.64,295.93,0.87,73.00400000000005
390,Muncar,10,ID,1556929562,84,-8.43,114.34,297.902,1.16,76.55360000000002
391,Pauini,96,BR,1556929562,97,-7.71,-67.0,297.322,0.91,75.50960000000005
392,Myaundzha,65,RU,1556929562,93,63.05,147.18,272.622,0.92,31.049600000000066
393,Maceio,0,BR,1556924400,88,-9.67,-35.74,296.15,1.5,73.4
394,Oban,2,GB,1556929445,88,56.42,-5.47,276.48,2.24,37.99400000000007
395,Mahibadhoo,100,MV,1556929563,75,3.78,72.97,302.392,4.2,84.63560000000004
396,Abeche,2,TD,1556929563,7,13.83,20.83,305.532,4.05,90.28760000000001
397,Broome,100,GB,1556929510,75,52.47,1.45,279.15,1.5,42.8
398,Huarmey,5,PE,1556929563,91,-10.07,-78.15,292.002,6.2,65.93360000000006
399,Wairoa,3,NZ,1556929203,56,-39.04,177.43,293.71,2.37,69.00800000000001
400,Baykit,99,RU,1556929564,89,61.68,96.39,274.512,4.41,34.45160000000004
401,Piacabucu,1,BR,1556929564,76,-10.41,-36.43,299.092,2.52,78.69560000000001
402,Punta de Piedra,100,VE,1556929565,87,7.62,-71.49,296.782,1.19,74.53760000000001
403,Jacmel,20,HT,1556929519,51,18.24,-72.54,302.15,7.7,84.2
404,Kinkala,100,CG,1556929565,94,-4.35,14.75,296.062,2.17,73.24160000000006
405,Praya,20,ID,1556926200,94,-8.71,116.27,299.15,3.38,78.8
406,Taltal,1,CL,1556929565,77,-25.41,-70.49,290.082,0.52,62.47760000000003
407,Casimiro de Abreu,0,BR,1556928000,94,-22.48,-42.2,299.15,0.5,78.8
408,Maryville,1,US,1556929485,24,40.35,-94.87,289.15,2.6,60.8
409,Alugan,52,PH,1556929566,66,12.22,125.48,302.402,1.47,84.65360000000001
410,Cabras,75,CO,1556929152,93,5.5,-75.6,292.15,2.6,66.2
411,Khandbari,99,NP,1556929566,78,27.38,87.21,284.862,1.04,53.08160000000008
412,Saint-Georges,100,CA,1556929005,96,46.12,-70.67,282.04,1.2,48.00200000000008
413,Loveland,40,US,1556929548,20,40.4,-105.08,294.15,1.5,69.8
414,Ilebo,60,CD,1556929567,67,-4.33,20.59,297.942,0.52,76.62560000000005
415,Lola,100,GN,1556929567,96,7.8,-8.53,295.622,0.8,72.44960000000006
416,Karpathos,0,GR,1556927400,87,35.51,27.21,288.15,5.1,59.0
417,Paraiso,75,MX,1556929216,10,24.01,-104.61,299.15,9.3,78.8
418,Mackay,90,CA,1556928000,68,53.65,-115.58,272.15,5.1,30.2
419,Canto do Buriti,18,BR,1556929568,81,-8.11,-42.94,296.972,0.85,74.87960000000001
420,Shaunavon,100,CA,1556929569,55,49.65,-108.41,282.922,6.92,49.58960000000009
421,Pringsewu,47,ID,1556929569,90,-5.36,104.98,297.552,0.86,75.92360000000008
422,Ratnagiri,99,IN,1556929569,67,16.98,73.3,300.882,1.08,81.91760000000005
423,San Martin,1,US,1556929280,19,37.08,-121.61,300.15,4.6,80.6
424,Chokurdakh,99,RU,1556929570,91,70.62,147.9,271.362,3.08,28.781600000000083
425,Aleksandro-Nevskiy,0,RU,1556929570,84,53.48,40.21,281.572,3.34,47.15960000000005
426,Nemuro,0,JP,1556928000,45,43.32,145.57,290.15,2.1,62.6
427,Ust-Kuyga,14,RU,1556929570,73,70.0,135.55,265.742,3.3,18.665600000000076
428,Seoul,1,KR,1556927400,67,37.57,126.98,290.15,0.5,62.6
429,La Ronge,75,CA,1556928000,48,55.1,-105.3,277.15,3.6,39.2
430,Ngunguru,0,NZ,1556928484,74,-35.62,174.5,292.04,3.13,66.00200000000008
431,Maniitsoq,2,GL,1556929571,42,65.42,-52.9,281.762,4.38,47.50160000000004
432,Port Hedland,1,AU,1556926200,49,-20.31,118.58,295.15,2.6,71.6
433,Marzuq,0,YE,1556929571,23,14.4,46.47,297.422,3.0,75.68960000000008
434,Najran,0,SA,1556928000,26,17.54,44.22,300.15,2.1,80.6
435,Buala,66,SB,1556929572,75,-8.15,159.59,301.892,2.51,83.73560000000003
436,Otradnoye,75,RU,1556929540,64,59.77,30.8,275.93,4.0,37.004000000000055
437,Muravlenko,97,RU,1556929572,96,63.79,74.5,274.762,5.61,34.901600000000045
438,Jiwani,0,PK,1556929443,61,25.05,61.74,301.842,3.5,83.64560000000002
439,Kasempa,0,ZM,1556929573,79,-13.46,25.83,289.082,1.98,60.67760000000003
440,Rzhaksa,0,RU,1556929573,88,52.14,42.03,281.242,3.05,46.565600000000074
441,Lumberton,75,US,1556929210,78,30.27,-94.2,298.15,2.1,77.0
442,Lastoursville,92,GA,1556929573,97,-0.81,12.73,296.232,1.24,73.54760000000009
443,Samfya,50,ZM,1556929574,90,-11.37,29.56,290.702,2.4,63.59360000000004
444,Palmer,75,AU,1556929375,72,-34.85,139.16,289.82,4.1,62.00600000000003
445,Isangel,75,VU,1556928000,69,-19.55,169.27,299.15,7.7,78.8
446,Horsham,2,AU,1556929574,67,-36.71,142.2,286.402,5.95,55.853600000000014
447,Berdigestyakh,0,RU,1556929575,72,62.1,126.7,274.782,4.26,34.93760000000001
448,Abonnema,75,NG,1556928000,94,4.71,6.79,297.15,1.5,75.2
449,Nuuk,13,GL,1556927400,45,64.17,-51.74,281.15,5.7,46.4
450,Hamilton,75,BM,1556927700,73,32.3,-64.78,295.15,2.1,71.6
451,San Juan,64,AR,1556929530,56,-31.54,-68.53,287.132,1.08,57.16760000000005
452,Xiaoweizhai,96,CN,1556929577,93,26.23,107.51,287.502,0.78,57.83360000000006
453,Salvador,20,BR,1556924400,78,-12.98,-38.48,301.15,3.1,82.4
454,Mutoko,0,ZW,1556929577,79,-17.4,32.23,288.122,0.96,58.94960000000007
455,Alice Springs,0,AU,1556926200,48,-23.7,133.88,289.15,3.1,60.8
456,Camacha,75,PT,1556928000,63,33.08,-16.33,290.15,4.1,62.6
457,Barth,60,DE,1556929204,64,54.37,12.73,276.48,4.1,37.99400000000007
458,Kieta,90,PG,1556929578,60,-6.22,155.63,304.262,1.36,88.00160000000004
459,Dori,100,BF,1556929578,23,14.03,-0.03,311.742,1.88,101.46560000000008
460,Karratha,5,AU,1556929372,24,-20.74,116.85,300.302,5.02,80.87360000000008
461,Baft,16,IR,1556929579,35,29.23,56.61,283.932,2.25,51.40760000000007
462,Victoria Point,75,AU,1556929547,83,-27.58,153.3,296.48,2.6,73.99400000000007
463,San Policarpo,45,PH,1556929579,72,12.18,125.51,301.352,2.27,82.7636
464,Tatarsk,100,RU,1556929579,40,55.22,75.96,282.592,5.07,48.99560000000001
465,Cheney,75,US,1556929523,36,47.49,-117.58,292.04,3.05,66.00200000000008
466,Hohhot,0,CN,1556924400,58,40.81,111.65,285.15,2.0,53.6
467,Petawawa,90,CA,1556929204,76,45.89,-77.27,282.15,3.1,48.2
468,Arusha,75,TZ,1556924400,88,-3.37,36.69,295.15,3.71,71.6
469,Ulaangom,48,MN,1556929580,30,49.98,92.07,278.652,0.41,41.90360000000002
470,Kristinehamn,47,SE,1556929539,66,59.31,14.11,274.26,4.1,33.998000000000026
471,Jamai,72,IN,1556929581,33,22.2,78.55,301.142,2.61,82.38560000000004
472,Ugljevik,44,BA,1556929581,83,44.69,18.99,283.202,1.99,50.09360000000004
473,Campina Verde,100,BR,1556929312,82,-19.54,-49.49,297.212,0.73,75.31160000000003
474,Kenai,1,US,1556929572,45,60.55,-151.26,284.26,7.2,51.998000000000026
475,Lompoc,1,US,1556929299,67,34.64,-120.46,295.15,6.2,71.6
476,Linqiong,40,CN,1556924400,100,30.42,103.46,291.15,0.39,64.4
477,Vila,40,IT,1556929568,100,45.18,8.4,285.93,0.88,55.004000000000055
478,Semirara,51,PH,1556929582,69,12.07,121.4,302.572,2.2,84.95960000000005
479,Bambanglipuro,3,ID,1556929583,79,-7.95,110.28,300.352,3.4,80.9636
480,Waghai,43,IN,1556929583,82,20.77,73.5,299.332,3.79,79.12760000000003
481,Khorramshahr,75,IR,1556924400,34,30.43,48.18,304.15,3.1,87.8
482,Tuy Hoa,30,VN,1556929583,72,13.08,109.3,301.532,0.33,83.08760000000001
483,Tiznit,70,MA,1556929583,85,29.7,-9.73,290.252,6.49,62.78360000000006
484,Beringovskiy,59,RU,1556929583,61,63.05,179.32,274.782,3.37,34.93760000000001
485,Kamiiso,20,JP,1556928000,81,41.82,140.65,285.15,3.6,53.6
486,Grand Forks,1,US,1556929421,44,47.91,-97.06,289.15,5.7,60.8
487,Urdoma,62,RU,1556929584,93,61.74,48.55,277.262,2.65,39.401600000000045
488,Petropavlovsk-Kamchatskiy,25,RU,1556928000,34,53.05,158.65,283.15,5.0,50.0
489,Ulaanbaatar,75,MN,1556926200,74,47.92,106.92,271.15,9.0,28.4
490,Njombe,78,TZ,1556929584,93,-9.34,34.77,290.682,1.4,63.55760000000007
491,Biltine,0,TD,1556929585,6,14.53,20.93,306.412,5.83,91.8716
492,Wajir,23,KE,1556929416,73,1.75,40.07,299.362,6.42,79.18160000000009
493,Sola,20,NO,1556929219,60,58.89,5.65,278.15,5.7,41.0
494,Nieves,92,MX,1556929585,15,24.0,-103.02,298.442,8.43,77.52560000000005
495,Ocean City,75,US,1556929259,78,30.44,-86.61,300.37,1.5,80.99600000000005
496,Kurilsk,1,RU,1556929585,90,45.23,147.88,275.492,4.79,36.21560000000007
497,Khasan,0,RU,1556929586,35,42.43,130.64,291.622,1.48,65.24960000000007
498,Nelson Bay,90,AU,1556929243,77,-32.72,152.14,291.15,4.1,64.4
499,Xining,89,CN,1556929586,68,36.62,101.77,280.882,1.96,45.91760000000005
500,Mayo,75,CA,1556928000,14,63.59,-135.9,278.15,2.1,41.0
501,Port Said,0,EG,1556929586,25,25.34,30.55,297.232,4.68,75.34760000000009
502,Iquique,90,CL,1556924400,68,-20.22,-70.14,292.15,3.1,66.2
503,Dorchester,24,GB,1556929564,70,50.71,-2.44,282.59,2.6,48.992
504,Mount Isa,75,AU,1556926200,53,-20.73,139.49,295.15,5.7,71.6
505,Baruun-Urt,99,MN,1556929447,52,46.68,113.28,277.942,14.02,40.625600000000055
506,Adelaide,75,AU,1556929251,72,-34.93,138.6,289.82,4.1,62.00600000000003
507,Adwa,78,ET,1556929588,22,14.16,38.9,296.892,2.91,74.73560000000003
508,Nyzhni Sirohozy,49,UA,1556929588,92,46.85,34.38,283.372,4.17,50.39960000000006
509,Port Hawkesbury,75,CA,1556929556,60,45.62,-61.36,280.37,1.0,44.99600000000005
510,Zyryanka,96,RU,1556929588,100,65.73,150.89,274.482,1.68,34.39760000000009
511,Mapiripan,98,CO,1556929589,96,2.89,-72.13,296.172,1.14,73.43960000000008
512,Acajutla,0,SV,1556926230,71,13.59,-89.83,301.48,2.45,82.99400000000007
513,Skelleftea,84,SE,1556927400,63,64.75,20.95,271.15,2.6,28.4
514,Gamba,62,CN,1556929589,69,28.28,88.52,275.222,2.09,35.729600000000005
515,Vershino-Darasunskiy,100,RU,1556929589,31,52.35,115.52,275.672,3.74,36.539600000000085
516,Kinnelon,90,US,1556929588,93,41.0,-74.37,287.04,1.43,57.00200000000008
517,Araouane,0,ML,1556929590,14,18.9,-3.53,304.952,3.57,89.24360000000004
518,Krasnoborsk,1,RU,1556929590,85,61.56,45.93,275.892,3.21,36.935600000000036
519,Fukue,0,JP,1556929445,63,35.03,136.69,300.93,2.1,82.00400000000005
520,Hovd,90,NO,1556929502,69,63.83,10.7,277.59,7.7,39.992
521,Jieshi,16,CN,1556929591,49,22.82,115.83,295.832,2.84,72.82760000000003
522,Waingapu,1,ID,1556929591,86,-9.65,120.26,299.202,3.43,78.89360000000003
523,Bloemfontein,0,ZA,1556928000,81,-29.12,26.22,284.15,1.5,51.8
524,Dusti,20,TJ,1556928000,82,37.35,68.68,287.15,1.0,57.2
525,Batagay,1,RU,1556929591,62,67.65,134.64,274.372,2.83,34.19960000000007
526,Ashland,90,US,1556929351,93,38.48,-82.64,294.26,2.6,69.99800000000002
527,Vahan,100,AZ,1556929592,97,40.58,45.4,277.892,2.53,40.53560000000003
528,Aginskoye,100,RU,1556929441,80,51.11,114.54,273.71,5.36,33.008
529,Ciro Marina,99,IT,1556929592,81,39.37,17.13,287.882,5.28,58.51760000000005
530,Ismailia,7,EG,1556929298,63,30.6,32.27,290.332,2.74,62.92760000000003
531,Morshansk,0,RU,1556929593,86,53.44,41.81,281.232,3.36,46.54760000000009
